{"count":1,"self":30.0309824,"total":31.395208699999998,"children":{"InitializeActuators":{"count":31,"self":0.0009975,"total":0.0009975,"children":null},"InitializeSensors":{"count":31,"self":0.0054935999999999995,"total":0.0054935999999999995,"children":null},"AgentSendState":{"count":1117,"self":0.62352089999999993,"total":0.6809309,"children":{"CollectObservations":{"count":6178,"self":0.044444199999999996,"total":0.044444199999999996,"children":null},"WriteActionMask":{"count":6178,"self":0.00099739999999999985,"total":0.00099739999999999985,"children":null},"RequestDecision":{"count":6178,"self":0.0089721,"total":0.011968399999999999,"children":{"RayPerceptionSensor.Perceive":{"count":9220,"self":0.0029963,"total":0.0029963,"children":null}}}}},"DecideAction":{"count":1117,"self":0.62384149999999994,"total":0.62384149999999994,"children":null},"AgentAct":{"count":1117,"self":0.052963899999999994,"total":0.052963899999999994,"children":null},"RayPerceptionSensor.Perceive":{"count":2,"self":0,"total":0,"children":null}},"gauges":{},"metadata":{"timer_format_version":"0.1.0","start_time_seconds":"1717052224","unity_version":"2023.1.17f1","command_line_arguments":"H:\\Dev\\Editor\\2023.1.17f1\\Editor\\Unity.exe -projectpath H:\\Dev\\InOhtliGame\\InOhtli -useHub -hubIPC -cloudEnvironment production -licensingIpc LicenseClient-micro -hubSessionId fc94f9ec-e606-4b80-9008-1fde5f75be81 -accessToken 7kbvpuQC8zYDWlaE-HMeFchITmVrKUEdqsru_e17hPQ004f","communication_protocol_version":"1.5.0","com.unity.ml-agents_version":"2.0.1","scene_name":"FileMenu","end_time_seconds":"1717052256"}}