{"count":1,"self":36.815539199999996,"total":38.508284599999996,"children":{"InitializeActuators":{"count":62,"self":0.0020482,"total":0.0020482,"children":null},"InitializeSensors":{"count":62,"self":0.0059847999999999993,"total":0.0059847999999999993,"children":null},"AgentSendState":{"count":1483,"self":0.8144992,"total":0.870911,"children":{"CollectObservations":{"count":7871,"self":0.035456299999999996,"total":0.035456299999999996,"children":null},"WriteActionMask":{"count":7871,"self":0.001992,"total":0.001992,"children":null},"RequestDecision":{"count":7871,"self":0.015961899999999998,"total":0.018963499999999998,"children":{"RayPerceptionSensor.Perceive":{"count":11738,"self":0.0030015999999999997,"total":0.0030015999999999997,"children":null}}}}},"DecideAction":{"count":1483,"self":0.74726929999999991,"total":0.74726929999999991,"children":null},"AgentAct":{"count":1483,"self":0.0655333,"total":0.0655333,"children":null},"RayPerceptionSensor.Perceive":{"count":42,"self":0,"total":0,"children":null}},"gauges":{},"metadata":{"timer_format_version":"0.1.0","start_time_seconds":"1717052262","unity_version":"2023.1.17f1","command_line_arguments":"H:\\Dev\\Editor\\2023.1.17f1\\Editor\\Unity.exe -projectpath H:\\Dev\\InOhtliGame\\InOhtli -useHub -hubIPC -cloudEnvironment production -licensingIpc LicenseClient-micro -hubSessionId fc94f9ec-e606-4b80-9008-1fde5f75be81 -accessToken 7kbvpuQC8zYDWlaE-HMeFchITmVrKUEdqsru_e17hPQ004f","communication_protocol_version":"1.5.0","com.unity.ml-agents_version":"2.0.1","scene_name":"Mictlan","end_time_seconds":"1717052300"}}