{"count":1,"self":246.21370879999998,"total":247.13213199999998,"children":{"InitializeActuators":{"count":124,"self":0.0054589999999999994,"total":0.0054589999999999994,"children":null},"InitializeSensors":{"count":124,"self":0.01486,"total":0.01486,"children":null},"AgentSendState":{"count":9662,"self":0.463418,"total":0.509535,"children":{"CollectObservations":{"count":4228,"self":0.023337999999999998,"total":0.023337999999999998,"children":null},"WriteActionMask":{"count":4228,"self":0.003146,"total":0.003146,"children":null},"RequestDecision":{"count":4228,"self":0.012339,"total":0.019632999999999998,"children":{"RayPerceptionSensor.Perceive":{"count":6342,"self":0.0072939999999999993,"total":0.0072939999999999993,"children":null}}}}},"DecideAction":{"count":9662,"self":0.32653899999999997,"total":0.32653899999999997,"children":null},"AgentAct":{"count":9662,"self":0.058336,"total":0.058336,"children":null},"RayPerceptionSensor.Perceive":{"count":126,"self":0.00019899999999999999,"total":0.00019899999999999999,"children":null}},"gauges":{},"metadata":{"timer_format_version":"0.1.0","start_time_seconds":"1716868517","unity_version":"2023.1.17f1","command_line_arguments":"\/Applications\/Unity\/Hub\/Editor\/2023.1.17f1\/Unity.app\/Contents\/MacOS\/Unity -projectPath \/Users\/rafaelmagana\/RiderProjects\/InOhtli -riderPath \/Users\/rafaelmagana\/Applications\/Rider.app","communication_protocol_version":"1.5.0","com.unity.ml-agents_version":"2.0.1","scene_name":"Mictlan","end_time_seconds":"1716868764"}}
