{"count":1,"self":52.165552,"total":53.9152615,"children":{"InitializeActuators":{"count":31,"self":0.0019944999999999997,"total":0.0019944999999999997,"children":null},"InitializeSensors":{"count":31,"self":0.0029912999999999997,"total":0.0029912999999999997,"children":null},"AgentSendState":{"count":1438,"self":0.8061586,"total":0.8934886,"children":{"CollectObservations":{"count":7906,"self":0.062215,"total":0.062215,"children":null},"WriteActionMask":{"count":7906,"self":0.0035009999999999998,"total":0.0035009999999999998,"children":null},"RequestDecision":{"count":7906,"self":0.0141645,"total":0.021613999999999998,"children":{"RayPerceptionSensor.Perceive":{"count":11780,"self":0.0074494999999999995,"total":0.0074494999999999995,"children":null}}}}},"DecideAction":{"count":1438,"self":0.7963756,"total":0.7963756,"children":null},"AgentAct":{"count":1438,"self":0.054859899999999996,"total":0.054859899999999996,"children":null},"RayPerceptionSensor.Perceive":{"count":2,"self":0,"total":0,"children":null}},"gauges":{},"metadata":{"timer_format_version":"0.1.0","start_time_seconds":"1717056469","unity_version":"2023.1.17f1","command_line_arguments":"H:\\Dev\\Editor\\2023.1.17f1\\Editor\\Unity.exe -projectpath H:\\Dev\\InOhtliGame\\InOhtli -useHub -hubIPC -cloudEnvironment production -licensingIpc LicenseClient-micro -hubSessionId fc94f9ec-e606-4b80-9008-1fde5f75be81 -accessToken 7kbvpuQC8zYDWlaE-HMeFchITmVrKUEdqsru_e17hPQ004f","communication_protocol_version":"1.5.0","com.unity.ml-agents_version":"2.0.1","scene_name":"Mictlan","end_time_seconds":"1717056522"}}